{"charErrorRates": [4.453333333333333, 4.306666666666667], "wordAccuracies": [0.0, 0.013333333333333334]}