{"charErrorRates": [43.53846153846154, 40.76923076923077, 42.23076923076923, 43.76923076923077], "wordAccuracies": [0.0, 0.0, 0.0, 0.0]}