{"charErrorRates": [4.24, 4.1866666666666665, 4.216216216216216, 4.2, 4.1866666666666665, 4.226666666666667, 4.373333333333333, 4.266666666666667, 4.173333333333333, 4.08, 4.44, 4.12, 4.093333333333334, 4.346666666666667, 4.16, 4.12, 4.773333333333333, 4.1066666666666665, 4.04, 4.04, 4.053333333333334, 4.16, 4.44], "wordAccuracies": [0.013333333333333334, 0.0, 0.02702702702702703, 0.013333333333333334, 0.0, 0.013333333333333334, 0.013333333333333334, 0.013333333333333334, 0.02666666666666667, 0.04, 0.0, 0.013333333333333334, 0.013333333333333334, 0.013333333333333334, 0.013333333333333334, 0.013333333333333334, 0.0, 0.02666666666666667, 0.02666666666666667, 0.013333333333333334, 0.0, 0.0, 0.02666666666666667]}