{"charErrorRates": [4.81769436997319, 4.804303967720242, 4.883299798792756], "wordAccuracies": [0.0013404825737265416, 0.007397444519166106, 0.002012072434607646]}